﻿Country Name,Country Code,Series Name,Series Code,2015 [YR2015]
Afghanistan,AFG,Rural population,SP.RUR.TOTL,23840994
Afghanistan,AFG,Urban population,SP.URB.TOTL,8685568
Albania,ALB,Rural population,SP.RUR.TOTL,1230583
Albania,ALB,Urban population,SP.URB.TOTL,1658584
Algeria,DZA,Rural population,SP.RUR.TOTL,11611580
Algeria,DZA,Urban population,SP.URB.TOTL,28054939
American Samoa,ASM,Rural population,SP.RUR.TOTL,7108
American Samoa,ASM,Urban population,SP.URB.TOTL,48430
Andorra,ADO,Rural population,SP.RUR.TOTL,10490
Andorra,ADO,Urban population,SP.URB.TOTL,59983
Angola,AGO,Rural population,SP.RUR.TOTL,13999794
Angola,AGO,Urban population,SP.URB.TOTL,11022180
Antigua and Barbuda,ATG,Rural population,SP.RUR.TOTL,69990
Antigua and Barbuda,ATG,Urban population,SP.URB.TOTL,21828
Arab World,ARB,Rural population,SP.RUR.TOTL,165348390
Arab World,ARB,Urban population,SP.URB.TOTL,226673886
Argentina,ARG,Rural population,SP.RUR.TOTL,3581448
Argentina,ARG,Urban population,SP.URB.TOTL,39835307
Armenia,ARM,Rural population,SP.RUR.TOTL,1126421
Armenia,ARM,Urban population,SP.URB.TOTL,1891291
Aruba,ABW,Rural population,SP.RUR.TOTL,60746
Aruba,ABW,Urban population,SP.URB.TOTL,43143
Australia,AUS,Rural population,SP.RUR.TOTL,2515334
Australia,AUS,Urban population,SP.URB.TOTL,21265835
Austria,AUT,Rural population,SP.RUR.TOTL,2930525
Austria,AUT,Urban population,SP.URB.TOTL,5680563
Azerbaijan,AZE,Rural population,SP.RUR.TOTL,4379782
Azerbaijan,AZE,Urban population,SP.URB.TOTL,5271567
"Bahamas, The",BHS,Rural population,SP.RUR.TOTL,66452
"Bahamas, The",BHS,Urban population,SP.URB.TOTL,321567
Bahrain,BHR,Rural population,SP.RUR.TOTL,154595
Bahrain,BHR,Urban population,SP.URB.TOTL,1222642
Bangladesh,BGD,Rural population,SP.RUR.TOTL,105811166
Bangladesh,BGD,Urban population,SP.URB.TOTL,55184476
Barbados,BRB,Rural population,SP.RUR.TOTL,194758
Barbados,BRB,Urban population,SP.URB.TOTL,89457
Belarus,BLR,Rural population,SP.RUR.TOTL,2219668
Belarus,BLR,Urban population,SP.URB.TOTL,7293332
Belgium,BEL,Rural population,SP.RUR.TOTL,241740
Belgium,BEL,Urban population,SP.URB.TOTL,11043981
Belize,BLZ,Rural population,SP.RUR.TOTL,201298
Belize,BLZ,Urban population,SP.URB.TOTL,157989
Benin,BEN,Rural population,SP.RUR.TOTL,6098144
Benin,BEN,Urban population,SP.URB.TOTL,4781685
Bermuda,BMU,Rural population,SP.RUR.TOTL,0
Bermuda,BMU,Urban population,SP.URB.TOTL,65235
Bhutan,BTN,Rural population,SP.RUR.TOTL,475405
Bhutan,BTN,Urban population,SP.URB.TOTL,299425
Bolivia,BOL,Rural population,SP.RUR.TOTL,3376995
Bolivia,BOL,Urban population,SP.URB.TOTL,7347710
Bosnia and Herzegovina,BIH,Rural population,SP.RUR.TOTL,2295128
Bosnia and Herzegovina,BIH,Urban population,SP.URB.TOTL,1515288
Botswana,BWA,Rural population,SP.RUR.TOTL,962823
Botswana,BWA,Urban population,SP.URB.TOTL,1299662
Brazil,BRA,Rural population,SP.RUR.TOTL,29749217
Brazil,BRA,Urban population,SP.URB.TOTL,178098311
British Virgin Islands,VGB,Rural population,SP.RUR.TOTL,16207
British Virgin Islands,VGB,Urban population,SP.URB.TOTL,13910
Brunei Darussalam,BRN,Rural population,SP.RUR.TOTL,96478
Brunei Darussalam,BRN,Urban population,SP.URB.TOTL,326710
Bulgaria,BGR,Rural population,SP.RUR.TOTL,1870010
Bulgaria,BGR,Urban population,SP.URB.TOTL,5307981
Burkina Faso,BFA,Rural population,SP.RUR.TOTL,12699428
Burkina Faso,BFA,Urban population,SP.URB.TOTL,5406142
Burundi,BDI,Rural population,SP.RUR.TOTL,9831078
Burundi,BDI,Urban population,SP.URB.TOTL,1347843
Cabo Verde,CPV,Rural population,SP.RUR.TOTL,179438
Cabo Verde,CPV,Urban population,SP.URB.TOTL,341064
Cambodia,KHM,Rural population,SP.RUR.TOTL,12349691
Cambodia,KHM,Urban population,SP.URB.TOTL,3228208
Cameroon,CMR,Rural population,SP.RUR.TOTL,10649381
Cameroon,CMR,Urban population,SP.URB.TOTL,12694798
Canada,CAN,Rural population,SP.RUR.TOTL,6514984
Canada,CAN,Urban population,SP.URB.TOTL,29336790
Caribbean small states,CSS,Rural population,SP.RUR.TOTL,4076219
Caribbean small states,CSS,Urban population,SP.URB.TOTL,2972747
Cayman Islands,CYM,Rural population,SP.RUR.TOTL,0
Cayman Islands,CYM,Urban population,SP.URB.TOTL,59967
Central African Republic,CAF,Rural population,SP.RUR.TOTL,2938351
Central African Republic,CAF,Urban population,SP.URB.TOTL,1961923
Central Europe and the Baltics,CEB,Rural population,SP.RUR.TOTL,38893733
Central Europe and the Baltics,CEB,Urban population,SP.URB.TOTL,64424905
Chad,TCD,Rural population,SP.RUR.TOTL,10883112
Chad,TCD,Urban population,SP.URB.TOTL,3154360
Channel Islands,CHI,Rural population,SP.RUR.TOTL,112186
Channel Islands,CHI,Urban population,SP.URB.TOTL,51506
Chile,CHL,Rural population,SP.RUR.TOTL,1879170
Chile,CHL,Urban population,SP.URB.TOTL,16068971
China,CHN,Rural population,SP.RUR.TOTL,608629709
China,CHN,Urban population,SP.URB.TOTL,762590291
Colombia,COL,Rural population,SP.RUR.TOTL,11364612
Colombia,COL,Urban population,SP.URB.TOTL,36864092
Comoros,COM,Rural population,SP.RUR.TOTL,565367
Comoros,COM,Urban population,SP.URB.TOTL,223107
"Congo, Dem. Rep.",ZAR,Rural population,SP.RUR.TOTL,44433054
"Congo, Dem. Rep.",ZAR,Urban population,SP.URB.TOTL,32833760
"Congo, Rep.",COG,Rural population,SP.RUR.TOTL,1599558
"Congo, Rep.",COG,Urban population,SP.URB.TOTL,3020772
Costa Rica,CRI,Rural population,SP.RUR.TOTL,1114412
Costa Rica,CRI,Urban population,SP.URB.TOTL,3693438
Cote d'Ivoire,CIV,Rural population,SP.RUR.TOTL,10401853
Cote d'Ivoire,CIV,Urban population,SP.URB.TOTL,12299703
Croatia,HRV,Rural population,SP.RUR.TOTL,1733526
Croatia,HRV,Urban population,SP.URB.TOTL,2490878
Cuba,CUB,Rural population,SP.RUR.TOTL,2611171
Cuba,CUB,Urban population,SP.URB.TOTL,8778391
Curacao,CUW,Rural population,SP.RUR.TOTL,16861
Curacao,CUW,Urban population,SP.URB.TOTL,141179
Cyprus,CYP,Rural population,SP.RUR.TOTL,385470
Cyprus,CYP,Urban population,SP.URB.TOTL,779830
Czech Republic,CZE,Rural population,SP.RUR.TOTL,2849673
Czech Republic,CZE,Urban population,SP.URB.TOTL,7701546
Denmark,DNK,Rural population,SP.RUR.TOTL,699510
Denmark,DNK,Urban population,SP.URB.TOTL,4976492
Djibouti,DJI,Rural population,SP.RUR.TOTL,201163
Djibouti,DJI,Urban population,SP.URB.TOTL,686698
Dominica,DMA,Rural population,SP.RUR.TOTL,22139
Dominica,DMA,Urban population,SP.URB.TOTL,50541
Dominican Republic,DOM,Rural population,SP.RUR.TOTL,2213068
Dominican Republic,DOM,Urban population,SP.URB.TOTL,8315323
Early-demographic dividend,EAR,Rural population,SP.RUR.TOTL,1744395750.37425
Early-demographic dividend,EAR,Urban population,SP.URB.TOTL,1378307567
East Asia & Pacific,EAS,Rural population,SP.RUR.TOTL,978324805
East Asia & Pacific,EAS,Urban population,SP.URB.TOTL,1277399664
East Asia & Pacific (excluding high income),EAP,Rural population,SP.RUR.TOTL,957735339
East Asia & Pacific (excluding high income),EAP,Urban population,SP.URB.TOTL,1077394307
East Asia & Pacific (IDA & IBRD countries),TEA,Rural population,SP.RUR.TOTL,947886213
East Asia & Pacific (IDA & IBRD countries),TEA,Urban population,SP.URB.TOTL,1062042800
Ecuador,ECU,Rural population,SP.RUR.TOTL,5853623
Ecuador,ECU,Urban population,SP.URB.TOTL,10290740
"Egypt, Arab Rep.",EGY,Rural population,SP.RUR.TOTL,52036072
"Egypt, Arab Rep.",EGY,Urban population,SP.URB.TOTL,39472012
El Salvador,SLV,Rural population,SP.RUR.TOTL,2038559
El Salvador,SLV,Urban population,SP.URB.TOTL,4088024
Equatorial Guinea,GNQ,Rural population,SP.RUR.TOTL,507687
Equatorial Guinea,GNQ,Urban population,SP.URB.TOTL,337373
Eritrea,ERI,Rural population,SP.RUR.TOTL,..
Eritrea,ERI,Urban population,SP.URB.TOTL,..
Estonia,EST,Rural population,SP.RUR.TOTL,425901
Estonia,EST,Urban population,SP.URB.TOTL,886097
Ethiopia,ETH,Rural population,SP.RUR.TOTL,80037383
Ethiopia,ETH,Urban population,SP.URB.TOTL,19353367
Euro area,EMU,Rural population,SP.RUR.TOTL,81717251
Euro area,EMU,Urban population,SP.URB.TOTL,257707822
Europe & Central Asia,ECS,Rural population,SP.RUR.TOTL,263953900
Europe & Central Asia,ECS,Urban population,SP.URB.TOTL,642193073
Europe & Central Asia (excluding high income),ECA,Rural population,SP.RUR.TOTL,142986786
Europe & Central Asia (excluding high income),ECA,Urban population,SP.URB.TOTL,266554301
Europe & Central Asia (IDA & IBRD countries),TEC,Rural population,SP.RUR.TOTL,159715292
Europe & Central Asia (IDA & IBRD countries),TEC,Urban population,SP.URB.TOTL,292049693
European Union,EUU,Rural population,SP.RUR.TOTL,128437839
European Union,EUU,Urban population,SP.URB.TOTL,381230522
Faroe Islands,FRO,Rural population,SP.RUR.TOTL,27974
Faroe Islands,FRO,Urban population,SP.URB.TOTL,20225
Fiji,FJI,Rural population,SP.RUR.TOTL,412813
Fiji,FJI,Urban population,SP.URB.TOTL,479332
Finland,FIN,Rural population,SP.RUR.TOTL,865007
Finland,FIN,Urban population,SP.URB.TOTL,4617006
Fragile and conflict affected situations,FCS,Rural population,SP.RUR.TOTL,286279146
Fragile and conflict affected situations,FCS,Urban population,SP.URB.TOTL,197532933
France,FRA,Rural population,SP.RUR.TOTL,13682357
France,FRA,Urban population,SP.URB.TOTL,53126028
French Polynesia,PYF,Rural population,SP.RUR.TOTL,124755
French Polynesia,PYF,Urban population,SP.URB.TOTL,158009
Gabon,GAB,Rural population,SP.RUR.TOTL,221597
Gabon,GAB,Urban population,SP.URB.TOTL,1503695
"Gambia, The",GMB,Rural population,SP.RUR.TOTL,803696
"Gambia, The",GMB,Urban population,SP.URB.TOTL,1187228
Georgia,GEO,Rural population,SP.RUR.TOTL,1705548
Georgia,GEO,Urban population,SP.URB.TOTL,1973452
Germany,DEU,Rural population,SP.RUR.TOTL,20108233
Germany,DEU,Urban population,SP.URB.TOTL,61304912
Ghana,GHA,Rural population,SP.RUR.TOTL,12597039
Ghana,GHA,Urban population,SP.URB.TOTL,14812854
Gibraltar,GIB,Rural population,SP.RUR.TOTL,0
Gibraltar,GIB,Urban population,SP.URB.TOTL,32217
Greece,GRC,Rural population,SP.RUR.TOTL,2380463
Greece,GRC,Urban population,SP.URB.TOTL,8443269
Greenland,GRL,Rural population,SP.RUR.TOTL,7611
Greenland,GRL,Urban population,SP.URB.TOTL,48503
Grenada,GRD,Rural population,SP.RUR.TOTL,68805
Grenada,GRD,Urban population,SP.URB.TOTL,38020
Guam,GUM,Rural population,SP.RUR.TOTL,9316
Guam,GUM,Urban population,SP.URB.TOTL,160569
Guatemala,GTM,Rural population,SP.RUR.TOTL,7914702
Guatemala,GTM,Urban population,SP.URB.TOTL,8428195
Guinea,GIN,Rural population,SP.RUR.TOTL,7923112
Guinea,GIN,Urban population,SP.URB.TOTL,4685478
Guinea-Bissau,GNB,Rural population,SP.RUR.TOTL,934483
Guinea-Bissau,GNB,Urban population,SP.URB.TOTL,909842
Guyana,GUY,Rural population,SP.RUR.TOTL,548059
Guyana,GUY,Urban population,SP.URB.TOTL,219026
Haiti,HTI,Rural population,SP.RUR.TOTL,4429562
Haiti,HTI,Urban population,SP.URB.TOTL,6281505
Heavily indebted poor countries (HIPC),HPC,Rural population,SP.RUR.TOTL,471703954
Heavily indebted poor countries (HIPC),HPC,Urban population,SP.URB.TOTL,249400151
High income,HIC,Rural population,SP.RUR.TOTL,219742211
High income,HIC,Urban population,SP.URB.TOTL,943953876
Honduras,HND,Rural population,SP.RUR.TOTL,3655580
Honduras,HND,Urban population,SP.URB.TOTL,4419480
"Hong Kong SAR, China",HKG,Rural population,SP.RUR.TOTL,0
"Hong Kong SAR, China",HKG,Urban population,SP.URB.TOTL,7305700
Hungary,HUN,Rural population,SP.RUR.TOTL,2832612
Hungary,HUN,Urban population,SP.URB.TOTL,7012074
IBRD only,IBD,Rural population,SP.RUR.TOTL,2099118249.37425
IBRD only,IBD,Urban population,SP.URB.TOTL,2424960026
Iceland,ISL,Rural population,SP.RUR.TOTL,19396
Iceland,ISL,Urban population,SP.URB.TOTL,311427
IDA & IBRD total,IBT,Rural population,SP.RUR.TOTL,3165136953.37425
IDA & IBRD total,IBT,Urban population,SP.URB.TOTL,3016700726
IDA blend,IDB,Rural population,SP.RUR.TOTL,345687386
IDA blend,IDB,Urban population,SP.URB.TOTL,240072803
IDA only,IDX,Rural population,SP.RUR.TOTL,720331318
IDA only,IDX,Urban population,SP.URB.TOTL,351667897
IDA total,IDA,Rural population,SP.RUR.TOTL,1066018704
IDA total,IDA,Urban population,SP.URB.TOTL,591740700
India,IND,Rural population,SP.RUR.TOTL,881720811
India,IND,Urban population,SP.URB.TOTL,429329716
Indonesia,IDN,Rural population,SP.RUR.TOTL,119143870
Indonesia,IDN,Urban population,SP.URB.TOTL,138419945
"Iran, Islamic Rep.",IRN,Rural population,SP.RUR.TOTL,21062844
"Iran, Islamic Rep.",IRN,Urban population,SP.URB.TOTL,58046428
Iraq,IRQ,Rural population,SP.RUR.TOTL,11119698
Iraq,IRQ,Urban population,SP.URB.TOTL,25303697
Ireland,IRL,Rural population,SP.RUR.TOTL,1705876
Ireland,IRL,Urban population,SP.URB.TOTL,2934827
Isle of Man,IMY,Rural population,SP.RUR.TOTL,41956
Isle of Man,IMY,Urban population,SP.URB.TOTL,45824
Israel,ISR,Rural population,SP.RUR.TOTL,658699
Israel,ISR,Urban population,SP.URB.TOTL,7721701
Italy,ITA,Rural population,SP.RUR.TOTL,18870535
Italy,ITA,Urban population,SP.URB.TOTL,41931550
Jamaica,JAM,Rural population,SP.RUR.TOTL,1232452
Jamaica,JAM,Urban population,SP.URB.TOTL,1493489
Japan,JPN,Rural population,SP.RUR.TOTL,8254840
Japan,JPN,Urban population,SP.URB.TOTL,118703632
Jordan,JOR,Rural population,SP.RUR.TOTL,1239506
Jordan,JOR,Urban population,SP.URB.TOTL,6355041
Kazakhstan,KAZ,Rural population,SP.RUR.TOTL,8202405
Kazakhstan,KAZ,Urban population,SP.URB.TOTL,9341721
Kenya,KEN,Rural population,SP.RUR.TOTL,34251294
Kenya,KEN,Urban population,SP.URB.TOTL,11799008
Kiribati,KIR,Rural population,SP.RUR.TOTL,62615
Kiribati,KIR,Urban population,SP.URB.TOTL,49808
"Korea, Dem. People’s Rep.",PRK,Rural population,SP.RUR.TOTL,9842018
"Korea, Dem. People’s Rep.",PRK,Urban population,SP.URB.TOTL,15313299
"Korea, Rep.",KOR,Rural population,SP.RUR.TOTL,8871143
"Korea, Rep.",KOR,Urban population,SP.URB.TOTL,41745902
Kosovo,KSV,Rural population,SP.RUR.TOTL,..
Kosovo,KSV,Urban population,SP.URB.TOTL,..
Kuwait,KWT,Rural population,SP.RUR.TOTL,64531
Kuwait,KWT,Urban population,SP.URB.TOTL,3827584
Kyrgyz Republic,KGZ,Rural population,SP.RUR.TOTL,3829934
Kyrgyz Republic,KGZ,Urban population,SP.URB.TOTL,2127066
Lao PDR,LAO,Rural population,SP.RUR.TOTL,4175490
Lao PDR,LAO,Urban population,SP.URB.TOTL,2626533
Late-demographic dividend,LTE,Rural population,SP.RUR.TOTL,902444033
Late-demographic dividend,LTE,Urban population,SP.URB.TOTL,1346710717
Latin America & Caribbean,LCN,Rural population,SP.RUR.TOTL,127338404
Latin America & Caribbean,LCN,Urban population,SP.URB.TOTL,505588921
Latin America & Caribbean (excluding high income),LAC,Rural population,SP.RUR.TOTL,123360459
Latin America & Caribbean (excluding high income),LAC,Urban population,SP.URB.TOTL,482004533
Latin America & the Caribbean (IDA & IBRD countries),TLA,Rural population,SP.RUR.TOTL,124142346
Latin America & the Caribbean (IDA & IBRD countries),TLA,Urban population,SP.URB.TOTL,492720258
Latvia,LVA,Rural population,SP.RUR.TOTL,645328
Latvia,LVA,Urban population,SP.URB.TOTL,1333112
Least developed countries: UN classification,LDC,Rural population,SP.RUR.TOTL,653284404
Least developed countries: UN classification,LDC,Urban population,SP.URB.TOTL,300933650
Lebanon,LBN,Rural population,SP.RUR.TOTL,714259
Lebanon,LBN,Urban population,SP.URB.TOTL,5136484
Lesotho,LSO,Rural population,SP.RUR.TOTL,1551905
Lesotho,LSO,Urban population,SP.URB.TOTL,583117
Liberia,LBR,Rural population,SP.RUR.TOTL,2265184
Liberia,LBR,Urban population,SP.URB.TOTL,2238254
Libya,LBY,Rural population,SP.RUR.TOTL,1346474
Libya,LBY,Urban population,SP.URB.TOTL,4931964
Liechtenstein,LIE,Rural population,SP.RUR.TOTL,32168
Liechtenstein,LIE,Urban population,SP.URB.TOTL,5363
Lithuania,LTU,Rural population,SP.RUR.TOTL,974684
Lithuania,LTU,Urban population,SP.URB.TOTL,1935515
Low & middle income,LMY,Rural population,SP.RUR.TOTL,3158527239.37425
Low & middle income,LMY,Urban population,SP.URB.TOTL,2999118806
Low income,LIC,Rural population,SP.RUR.TOTL,442077074
Low income,LIC,Urban population,SP.URB.TOTL,196209214
Lower middle income,LMC,Rural population,SP.RUR.TOTL,1785866460
Lower middle income,LMC,Urban population,SP.URB.TOTL,1139750487
Luxembourg,LUX,Rural population,SP.RUR.TOTL,56056
Luxembourg,LUX,Urban population,SP.URB.TOTL,513620
"Macao SAR, China",MAC,Rural population,SP.RUR.TOTL,0
"Macao SAR, China",MAC,Urban population,SP.URB.TOTL,587606
"Macedonia, FYR",MKD,Rural population,SP.RUR.TOTL,891573
"Macedonia, FYR",MKD,Urban population,SP.URB.TOTL,1186880
Madagascar,MDG,Rural population,SP.RUR.TOTL,15727556
Madagascar,MDG,Urban population,SP.URB.TOTL,8507834
Malawi,MWI,Rural population,SP.RUR.TOTL,14413969
Malawi,MWI,Urban population,SP.URB.TOTL,2801263
Malaysia,MYS,Rural population,SP.RUR.TOTL,7672228
Malaysia,MYS,Urban population,SP.URB.TOTL,22658779
Maldives,MDV,Rural population,SP.RUR.TOTL,222847
Maldives,MDV,Urban population,SP.URB.TOTL,186316
Mali,MLI,Rural population,SP.RUR.TOTL,10574600
Mali,MLI,Urban population,SP.URB.TOTL,7025094
Malta,MLT,Rural population,SP.RUR.TOTL,19811
Malta,MLT,Urban population,SP.URB.TOTL,411522
Marshall Islands,MHL,Rural population,SP.RUR.TOTL,14476
Marshall Islands,MHL,Urban population,SP.URB.TOTL,38517
Mauritania,MRT,Rural population,SP.RUR.TOTL,1632761
Mauritania,MRT,Urban population,SP.URB.TOTL,2434803
Mauritius,MUS,Rural population,SP.RUR.TOTL,761717
Mauritius,MUS,Urban population,SP.URB.TOTL,500888
Mexico,MEX,Rural population,SP.RUR.TOTL,26361155
Mexico,MEX,Urban population,SP.URB.TOTL,100656069
"Micronesia, Fed. Sts.",FSM,Rural population,SP.RUR.TOTL,81036
"Micronesia, Fed. Sts.",FSM,Urban population,SP.URB.TOTL,23424
Middle East & North Africa,MEA,Rural population,SP.RUR.TOTL,151737842
Middle East & North Africa,MEA,Urban population,SP.URB.TOTL,272327415
Middle East & North Africa (excluding high income),MNA,Rural population,SP.RUR.TOTL,143174401
Middle East & North Africa (excluding high income),MNA,Urban population,SP.URB.TOTL,219386540
Middle East & North Africa (IDA & IBRD countries),TMN,Rural population,SP.RUR.TOTL,142080009
Middle East & North Africa (IDA & IBRD countries),TMN,Urban population,SP.URB.TOTL,216058789
Middle income,MIC,Rural population,SP.RUR.TOTL,2716450165.37425
Middle income,MIC,Urban population,SP.URB.TOTL,2802909592
Moldova,MDA,Rural population,SP.RUR.TOTL,1954960
Moldova,MDA,Urban population,SP.URB.TOTL,1599190
Monaco,MCO,Rural population,SP.RUR.TOTL,0
Monaco,MCO,Urban population,SP.URB.TOTL,37731
Mongolia,MNG,Rural population,SP.RUR.TOTL,827374
Mongolia,MNG,Urban population,SP.URB.TOTL,2131760
Montenegro,MNE,Rural population,SP.RUR.TOTL,223898
Montenegro,MNE,Urban population,SP.URB.TOTL,398490
Morocco,MAR,Rural population,SP.RUR.TOTL,13683968
Morocco,MAR,Urban population,SP.URB.TOTL,20693543
Mozambique,MOZ,Rural population,SP.RUR.TOTL,18965074
Mozambique,MOZ,Urban population,SP.URB.TOTL,9012789
Myanmar,MMR,Rural population,SP.RUR.TOTL,35519302
Myanmar,MMR,Urban population,SP.URB.TOTL,18377852
Namibia,NAM,Rural population,SP.RUR.TOTL,1311540
Namibia,NAM,Urban population,SP.URB.TOTL,1147290
Nauru,NRU,Rural population,SP.RUR.TOTL,0
Nauru,NRU,Urban population,SP.URB.TOTL,10222
Nepal,NPL,Rural population,SP.RUR.TOTL,23205875
Nepal,NPL,Urban population,SP.URB.TOTL,5307825
Netherlands,NLD,Rural population,SP.RUR.TOTL,1609647
Netherlands,NLD,Urban population,SP.URB.TOTL,15326873
New Caledonia,NCL,Rural population,SP.RUR.TOTL,81327
New Caledonia,NCL,Urban population,SP.URB.TOTL,191673
New Zealand,NZL,Rural population,SP.RUR.TOTL,630346
New Zealand,NZL,Urban population,SP.URB.TOTL,3965354
Nicaragua,NIC,Rural population,SP.RUR.TOTL,2507074
Nicaragua,NIC,Urban population,SP.URB.TOTL,3574958
Niger,NER,Rural population,SP.RUR.TOTL,16171617
Niger,NER,Urban population,SP.URB.TOTL,3727503
Nigeria,NGA,Rural population,SP.RUR.TOTL,95153153
Nigeria,NGA,Urban population,SP.URB.TOTL,87048809
North America,NAC,Rural population,SP.RUR.TOTL,65601406
North America,NAC,Urban population,SP.URB.TOTL,291734423
Northern Mariana Islands,MNP,Rural population,SP.RUR.TOTL,5927
Northern Mariana Islands,MNP,Urban population,SP.URB.TOTL,49143
Norway,NOR,Rural population,SP.RUR.TOTL,1014607
Norway,NOR,Urban population,SP.URB.TOTL,4181314
Not classified,INX,Rural population,SP.RUR.TOTL,..
Not classified,INX,Urban population,SP.URB.TOTL,..
OECD members,OED,Rural population,SP.RUR.TOTL,253338767
OECD members,OED,Urban population,SP.URB.TOTL,1029636273
Oman,OMN,Rural population,SP.RUR.TOTL,1004040
Oman,OMN,Urban population,SP.URB.TOTL,3486501
Other small states,OSS,Rural population,SP.RUR.TOTL,12003012
Other small states,OSS,Urban population,SP.URB.TOTL,16646993
Pacific island small states,PSS,Rural population,SP.RUR.TOTL,1463792
Pacific island small states,PSS,Urban population,SP.URB.TOTL,887299
Pakistan,PAK,Rural population,SP.RUR.TOTL,115701371
Pakistan,PAK,Urban population,SP.URB.TOTL,73223503
Palau,PLW,Rural population,SP.RUR.TOTL,2753
Palau,PLW,Urban population,SP.URB.TOTL,18538
Panama,PAN,Rural population,SP.RUR.TOTL,1312647
Panama,PAN,Urban population,SP.URB.TOTL,2616494
Papua New Guinea,PNG,Rural population,SP.RUR.TOTL,6628428
Papua New Guinea,PNG,Urban population,SP.URB.TOTL,990893
Paraguay,PRY,Rural population,SP.RUR.TOTL,2677824
Paraguay,PRY,Urban population,SP.URB.TOTL,3961299
Peru,PER,Rural population,SP.RUR.TOTL,6711783
Peru,PER,Urban population,SP.URB.TOTL,24664887
Philippines,PHL,Rural population,SP.RUR.TOTL,56016052
Philippines,PHL,Urban population,SP.URB.TOTL,44683343
Poland,POL,Rural population,SP.RUR.TOTL,14994980
Poland,POL,Urban population,SP.URB.TOTL,23004514
Portugal,PRT,Rural population,SP.RUR.TOTL,3780568
Portugal,PRT,Urban population,SP.URB.TOTL,6568080
Post-demographic dividend,PST,Rural population,SP.RUR.TOTL,208889984
Post-demographic dividend,PST,Urban population,SP.URB.TOTL,888847399
Pre-demographic dividend,PRE,Rural population,SP.RUR.TOTL,522109096
Pre-demographic dividend,PRE,Urban population,SP.URB.TOTL,328161927
Puerto Rico,PRI,Rural population,SP.RUR.TOTL,222348
Puerto Rico,PRI,Urban population,SP.URB.TOTL,3251834
Qatar,QAT,Rural population,SP.RUR.TOTL,16899
Qatar,QAT,Urban population,SP.URB.TOTL,2218456
Romania,ROM,Rural population,SP.RUR.TOTL,9011044
Romania,ROM,Urban population,SP.URB.TOTL,10821345
Russian Federation,RUS,Rural population,SP.RUR.TOTL,37453643
Russian Federation,RUS,Urban population,SP.URB.TOTL,106643169
Rwanda,RWA,Rural population,SP.RUR.TOTL,8264805
Rwanda,RWA,Urban population,SP.URB.TOTL,3344861
Samoa,WSM,Rural population,SP.RUR.TOTL,156325
Samoa,WSM,Urban population,SP.URB.TOTL,36903
San Marino,SMR,Rural population,SP.RUR.TOTL,1846
San Marino,SMR,Urban population,SP.URB.TOTL,29935
Sao Tome and Principe,STP,Rural population,SP.RUR.TOTL,66445
Sao Tome and Principe,STP,Urban population,SP.URB.TOTL,123899
Saudi Arabia,SAU,Rural population,SP.RUR.TOTL,5320861
Saudi Arabia,SAU,Urban population,SP.URB.TOTL,26219511
Senegal,SEN,Rural population,SP.RUR.TOTL,8514604
Senegal,SEN,Urban population,SP.URB.TOTL,6614669
Serbia,SRB,Rural population,SP.RUR.TOTL,3154958
Serbia,SRB,Urban population,SP.URB.TOTL,3943289
Seychelles,SYC,Rural population,SP.RUR.TOTL,42839
Seychelles,SYC,Urban population,SP.URB.TOTL,50061
Sierra Leone,SLE,Rural population,SP.RUR.TOTL,3875653
Sierra Leone,SLE,Urban population,SP.URB.TOTL,2577531
Singapore,SGP,Rural population,SP.RUR.TOTL,0
Singapore,SGP,Urban population,SP.URB.TOTL,5535002
Sint Maarten (Dutch part),SXM,Rural population,SP.RUR.TOTL,0
Sint Maarten (Dutch part),SXM,Urban population,SP.URB.TOTL,38817
Slovak Republic,SVK,Rural population,SP.RUR.TOTL,2516868
Slovak Republic,SVK,Urban population,SP.URB.TOTL,2907182
Slovenia,SVN,Rural population,SP.RUR.TOTL,1039107
Slovenia,SVN,Urban population,SP.URB.TOTL,1024661
Small states,SST,Rural population,SP.RUR.TOTL,17543023
Small states,SST,Urban population,SP.URB.TOTL,20507039
Solomon Islands,SLB,Rural population,SP.RUR.TOTL,453281
Solomon Islands,SLB,Urban population,SP.URB.TOTL,130310
Somalia,SOM,Rural population,SP.RUR.TOTL,6520696
Somalia,SOM,Urban population,SP.URB.TOTL,4266408
South Africa,ZAF,Rural population,SP.RUR.TOTL,19344286.3742456
South Africa,ZAF,Urban population,SP.URB.TOTL,35612634
South Asia,SAS,Rural population,SP.RUR.TOTL,1168095950
South Asia,SAS,Urban population,SP.URB.TOTL,576065348
South Asia (IDA & IBRD),TSA,Rural population,SP.RUR.TOTL,1168095950
South Asia (IDA & IBRD),TSA,Urban population,SP.URB.TOTL,576065348
South Sudan,SSD,Rural population,SP.RUR.TOTL,10019434
South Sudan,SSD,Urban population,SP.URB.TOTL,2320378
Spain,ESP,Rural population,SP.RUR.TOTL,9479075
Spain,ESP,Urban population,SP.URB.TOTL,36939194
Sri Lanka,LKA,Rural population,SP.RUR.TOTL,17117481
Sri Lanka,LKA,Urban population,SP.URB.TOTL,3848519
St. Kitts and Nevis,KNA,Rural population,SP.RUR.TOTL,37763
St. Kitts and Nevis,KNA,Urban population,SP.URB.TOTL,17809
St. Lucia,LCA,Rural population,SP.RUR.TOTL,150767
St. Lucia,LCA,Urban population,SP.URB.TOTL,34232
St. Martin (French part),MAF,Rural population,SP.RUR.TOTL,..
St. Martin (French part),MAF,Urban population,SP.URB.TOTL,..
St. Vincent and the Grenadines,VCT,Rural population,SP.RUR.TOTL,54129
St. Vincent and the Grenadines,VCT,Urban population,SP.URB.TOTL,55333
Sub-Saharan Africa,SSF,Rural population,SP.RUR.TOTL,623217143.374246
Sub-Saharan Africa,SSF,Urban population,SP.URB.TOTL,377763838
Sub-Saharan Africa (excluding high income),SSA,Rural population,SP.RUR.TOTL,623174304.374246
Sub-Saharan Africa (excluding high income),SSA,Urban population,SP.URB.TOTL,377713777
Sub-Saharan Africa (IDA & IBRD countries),TSS,Rural population,SP.RUR.TOTL,623217143.374246
Sub-Saharan Africa (IDA & IBRD countries),TSS,Urban population,SP.URB.TOTL,377763838
Sudan,SDN,Rural population,SP.RUR.TOTL,26633078
Sudan,SDN,Urban population,SP.URB.TOTL,13601804
Suriname,SUR,Rural population,SP.RUR.TOTL,184378
Suriname,SUR,Urban population,SP.URB.TOTL,358597
Swaziland,SWZ,Rural population,SP.RUR.TOTL,1012742
Swaziland,SWZ,Urban population,SP.URB.TOTL,274228
Sweden,SWE,Rural population,SP.RUR.TOTL,1389970
Sweden,SWE,Urban population,SP.URB.TOTL,8408901
Switzerland,CHE,Rural population,SP.RUR.TOTL,2161906
Switzerland,CHE,Urban population,SP.URB.TOTL,6125070
Syrian Arab Republic,SYR,Rural population,SP.RUR.TOTL,7834662
Syrian Arab Republic,SYR,Urban population,SP.URB.TOTL,10667751
Tajikistan,TJK,Rural population,SP.RUR.TOTL,6210245
Tajikistan,TJK,Urban population,SP.URB.TOTL,2271610
Tanzania,TZA,Rural population,SP.RUR.TOTL,36569490
Tanzania,TZA,Urban population,SP.URB.TOTL,16900930
Thailand,THA,Rural population,SP.RUR.TOTL,33725511
Thailand,THA,Urban population,SP.URB.TOTL,34233848
Timor-Leste,TMP,Rural population,SP.RUR.TOTL,837024
Timor-Leste,TMP,Urban population,SP.URB.TOTL,407991
Togo,TGO,Rural population,SP.RUR.TOTL,4385376
Togo,TGO,Urban population,SP.URB.TOTL,2919202
Tonga,TON,Rural population,SP.RUR.TOTL,80995
Tonga,TON,Urban population,SP.URB.TOTL,25175
Trinidad and Tobago,TTO,Rural population,SP.RUR.TOTL,1245229
Trinidad and Tobago,TTO,Urban population,SP.URB.TOTL,114859
Tunisia,TUN,Rural population,SP.RUR.TOTL,3683124
Tunisia,TUN,Urban population,SP.URB.TOTL,7424676
Turkey,TUR,Rural population,SP.RUR.TOTL,20927471
Turkey,TUR,Urban population,SP.URB.TOTL,57738359
Turkmenistan,TKM,Rural population,SP.RUR.TOTL,2684763
Turkmenistan,TKM,Urban population,SP.URB.TOTL,2688739
Turks and Caicos Islands,TCA,Rural population,SP.RUR.TOTL,2683
Turks and Caicos Islands,TCA,Urban population,SP.URB.TOTL,31656
Tuvalu,TUV,Rural population,SP.RUR.TOTL,3994
Tuvalu,TUV,Urban population,SP.URB.TOTL,5922
Uganda,UGA,Rural population,SP.RUR.TOTL,32747779
Uganda,UGA,Urban population,SP.URB.TOTL,6284604
Ukraine,UKR,Rural population,SP.RUR.TOTL,13697315
Ukraine,UKR,Urban population,SP.URB.TOTL,31500885
United Arab Emirates,ARE,Rural population,SP.RUR.TOTL,1324005
United Arab Emirates,ARE,Urban population,SP.URB.TOTL,7832958
United Kingdom,GBR,Rural population,SP.RUR.TOTL,11339263
United Kingdom,GBR,Urban population,SP.URB.TOTL,53798969
United States,USA,Rural population,SP.RUR.TOTL,59086422
United States,USA,Urban population,SP.URB.TOTL,262332398
Upper middle income,UMC,Rural population,SP.RUR.TOTL,930583705.374246
Upper middle income,UMC,Urban population,SP.URB.TOTL,1663159105
Uruguay,URY,Rural population,SP.RUR.TOTL,160906
Uruguay,URY,Urban population,SP.URB.TOTL,3270649
Uzbekistan,UZB,Rural population,SP.RUR.TOTL,19917437
Uzbekistan,UZB,Urban population,SP.URB.TOTL,11382063
Vanuatu,VUT,Rural population,SP.RUR.TOTL,195504
Vanuatu,VUT,Urban population,SP.URB.TOTL,69148
"Venezuela, RB",VEN,Rural population,SP.RUR.TOTL,3425000
"Venezuela, RB",VEN,Urban population,SP.URB.TOTL,27683083
Vietnam,VNM,Rural population,SP.RUR.TOTL,60897742
Vietnam,VNM,Urban population,SP.URB.TOTL,30806058
Virgin Islands (U.S.),VIR,Rural population,SP.RUR.TOTL,4832
Virgin Islands (U.S.),VIR,Urban population,SP.URB.TOTL,98742
West Bank and Gaza,WBG,Rural population,SP.RUR.TOTL,1094392
West Bank and Gaza,WBG,Urban population,SP.URB.TOTL,3327751
World,WLD,Rural population,SP.RUR.TOTL,3378269450.37425
World,WLD,Urban population,SP.URB.TOTL,3943072682
"Yemen, Rep.",YEM,Rural population,SP.RUR.TOTL,17546659
"Yemen, Rep.",YEM,Urban population,SP.URB.TOTL,9285556
Zambia,ZMB,Rural population,SP.RUR.TOTL,9577588
Zambia,ZMB,Urban population,SP.URB.TOTL,6634179
Zimbabwe,ZWE,Rural population,SP.RUR.TOTL,10551204
Zimbabwe,ZWE,Urban population,SP.URB.TOTL,5051547
,,,,
,,,,
,,,,
Data from database: World Development Indicators,,,,
Last Updated: 02/01/2017,,,,
